utc	head_avail_mib	head_swapfree_mib	worker_avail_mib	worker_swapfree_mib
2026-10-10T12:44:40Z	116356	12360	119737	14544
2026-10-10T12:44:43Z	116257	12360	119645	14544
2026-10-10T12:44:45Z	116268	12360	119557	14544
2026-10-10T12:44:47Z	116312	12360	119069	14544
2026-10-10T12:44:50Z	116302	12360	119079	14544
2026-10-10T12:44:52Z	115993	12360	119108	14544
2026-10-10T12:44:54Z	115694	12360	118958	14544
2026-10-10T12:44:57Z	113365	12360	116795	14544
2026-10-10T12:44:59Z	112728	12360	114620	14544
2026-10-10T12:45:01Z	99525	12360	101015	14544
2026-10-10T12:45:04Z	90443	12360	91010	14544
2026-10-10T12:45:06Z	81474	12360	81203	14544
2026-10-10T12:45:08Z	70668	12360	72897	14544
2026-10-10T12:45:11Z	62432	12360	62791	14544
2026-10-10T12:45:13Z	53835	12360	54056	14544
2026-10-10T12:45:16Z	45019	12360	45366	14544
2026-10-10T12:45:18Z	36024	12360	27797	14544
2026-10-10T12:45:20Z	22258	12360	24405	14544
2026-10-10T12:45:23Z	19554	12360	26083	14544
2026-10-10T12:45:25Z	21549	12360	24791	14544
2026-10-10T12:45:27Z	21042	12360	24256	14544
2026-10-10T12:45:30Z	19989	12360	23347	14544
2026-10-10T12:45:32Z	19646	12360	23264	14544
2026-10-10T12:45:35Z	19560	12360	23086	14544
2026-10-10T12:45:37Z	19308	12360	22921	14544
2026-10-10T12:45:39Z	19577	12360	22880	14544
2026-10-10T12:45:42Z	19523	12360	22899	14544
2026-10-10T12:45:44Z	19488	12360	22901	14544
2026-10-10T12:45:46Z	19510	12360	22901	14544
2026-10-10T12:45:49Z	20417	12360	22956	14545
2026-10-10T12:45:51Z	20331	12360	22955	14545
2026-10-10T12:45:54Z	20337	12360	22997	14545
2026-10-10T12:45:56Z	20316	12360	23016	14545
2026-10-10T12:45:58Z	20303	12360	23009	14545
2026-10-10T12:46:01Z	20318	12360	22999	14545
2026-10-10T12:46:03Z	20312	12360	22983	14545
2026-10-10T12:46:06Z	20311	12360	22978	14545
2026-10-10T12:46:08Z	20304	12360	23010	14545
2026-10-10T12:46:10Z	20334	12360	23022	14545
2026-10-10T12:46:13Z	20346	12360	22993	14545
2026-10-10T12:46:15Z	20328	12360	22987	14545
2026-10-10T12:46:18Z	20352	12360	22989	14545
2026-10-10T12:46:20Z	20368	12360	22978	14545
2026-10-10T12:46:22Z	20343	12360	22974	14545
2026-10-10T12:46:25Z	20336	12360	22981	14545
2026-10-10T12:46:27Z	20362	12360	22981	14545
2026-10-10T12:46:29Z	20365	12360	22940	14545
2026-10-10T12:46:32Z	20340	12360	22948	14545
2026-10-10T12:46:34Z	20361	12360	22962	14545
2026-10-10T12:46:36Z	20366	12360	22965	14545
2026-10-10T12:46:39Z	20363	12360	22987	14545
2026-10-10T12:46:41Z	20338	12360	23012	14545
2026-10-10T12:46:44Z	20345	12360	23045	14545
2026-10-10T12:46:46Z	20353	12360	23065	14545
2026-10-10T12:46:48Z	20327	12360	23055	14545
2026-10-10T12:46:51Z	20355	12360	23025	14545
2026-10-10T12:46:53Z	20344	12360	23048	14545
2026-10-10T12:46:56Z	20352	12360	23028	14545
2026-10-10T12:46:58Z	20348	12360	23000	14545
2026-10-10T12:47:00Z	20331	12360	23032	14545
2026-10-10T12:47:03Z	20340	12360	22995	14545
2026-10-10T12:47:05Z	20354	12360	22991	14545
2026-10-10T12:47:08Z	20330	12360	23016	14545
2026-10-10T12:47:10Z	20332	12360	23009	14545
2026-10-10T12:47:12Z	20361	12360	22999	14545
2026-10-10T12:47:15Z	20371	12360	22976	14545
2026-10-10T12:47:17Z	20381	12360	22973	14545
2026-10-10T12:47:19Z	20365	12360	23018	14545
2026-10-10T12:47:22Z	20368	12360	22987	14545
2026-10-10T12:47:24Z	20356	12360	22988	14545
2026-10-10T12:47:27Z	20352	12360	22991	14545
2026-10-10T12:47:29Z	20334	12360	22994	14545
2026-10-10T12:47:31Z	20296	12360	22991	14545
2026-10-10T12:47:34Z	20356	12360	22981	14545
2026-10-10T12:47:36Z	20373	12360	23013	14545
2026-10-10T12:47:38Z	20366	12360	23016	14545
2026-10-10T12:47:41Z	20379	12360	23006	14545
2026-10-10T12:47:43Z	20377	12360	23029	14545
2026-10-10T12:47:46Z	20361	12360	23019	14545
2026-10-10T12:47:48Z	20356	12360	23017	14545
2026-10-10T12:47:50Z	20332	12360	23010	14545
2026-10-10T12:47:53Z	20359	12360	23031	14545
2026-10-10T12:47:55Z	20345	12360	23018	14545
2026-10-10T12:47:58Z	20356	12360	23003	14545
2026-10-10T12:48:00Z	20056	12360	22973	14545
2026-10-10T12:48:02Z	19044	12360	22998	14545
2026-10-10T12:48:05Z	18983	12360	23005	14545
2026-10-10T12:48:07Z	18990	12360	23016	14545
2026-10-10T12:48:10Z	19078	12360	23013	14545
2026-10-10T12:48:12Z	19149	12360	23013	14545
2026-10-10T12:48:14Z	19161	12360	22966	14546
2026-10-10T12:48:17Z	19172	12360	22992	14546
2026-10-10T12:48:19Z	19202	12360	23012	14546
2026-10-10T12:48:22Z	19234	12360	23036	14546
2026-10-10T12:48:24Z	19242	12360	23030	14546
2026-10-10T12:48:26Z	19274	12360	23036	14546
2026-10-10T12:48:29Z	19306	12360	23013	14546
2026-10-10T12:48:31Z	19355	12360	23009	14546
2026-10-10T12:48:33Z	19362	12360	22989	14546
2026-10-10T12:48:36Z	19427	12360	23003	14546
2026-10-10T12:48:38Z	19393	12360	23021	14546
2026-10-10T12:48:41Z	19404	12360	22984	14546
2026-10-10T12:48:43Z	19428	12360	22970	14546
2026-10-10T12:48:45Z	19442	12360	22985	14546
2026-10-10T12:48:48Z	19448	12360	22988	14546
2026-10-10T12:48:50Z	19457	12360	22982	14546
2026-10-10T12:48:52Z	19445	12360	22990	14546
2026-10-10T12:48:55Z	19470	12360	22991	14546
2026-10-10T12:48:57Z	19461	12360	22996	14546
2026-10-10T12:49:00Z	19474	12360	23021	14546
2026-10-10T12:49:02Z	19460	12360	23017	14546
2026-10-10T12:49:04Z	19479	12360	23026	14546
2026-10-10T12:49:07Z	19460	12360	23003	14546
2026-10-10T12:49:09Z	19450	12360	22989	14546
2026-10-10T12:49:12Z	19467	12360	22980	14546
2026-10-10T12:49:14Z	19473	12360	22959	14546
2026-10-10T12:49:16Z	19476	12360	22995	14546
2026-10-10T12:49:19Z	19456	12360	23004	14546
2026-10-10T12:49:21Z	19471	12360	23008	14546
2026-10-10T12:49:24Z	19482	12360	23022	14546
2026-10-10T12:49:26Z	19494	12360	23001	14546
2026-10-10T12:49:28Z	19490	12360	23024	14546
2026-10-10T12:49:31Z	19493	12360	23039	14546
2026-10-10T12:49:33Z	19497	12360	23015	14546
2026-10-10T12:49:35Z	19434	12360	23000	14546
2026-10-10T12:49:38Z	19474	12360	22979	14546
2026-10-10T12:49:40Z	19469	12360	22984	14546
2026-10-10T12:49:42Z	19473	12360	22990	14546
2026-10-10T12:49:45Z	19497	12360	23015	14546
2026-10-10T12:49:47Z	19488	12360	22999	14546
2026-10-10T12:49:50Z	19478	12360	22982	14546
2026-10-10T12:49:52Z	19487	12360	22992	14546
2026-10-10T12:49:54Z	19481	12360	22974	14546
2026-10-10T12:49:57Z	19496	12360	22978	14546
2026-10-10T12:49:59Z	19500	12360	22945	14546
2026-10-10T12:50:02Z	19483	12360	22978	14546
2026-10-10T12:50:04Z	19485	12360	22984	14546
2026-10-10T12:50:06Z	19461	12360	22994	14546
2026-10-10T12:50:09Z	19496	12360	22983	14546
2026-10-10T12:50:11Z	19441	12360	22985	14546
2026-10-10T12:50:14Z	19461	12360	22988	14546
2026-10-10T12:50:16Z	19470	12360	22980	14546
2026-10-10T12:50:18Z	19505	12360	22980	14546
2026-10-10T12:50:21Z	19537	12360	22963	14546
2026-10-10T12:50:23Z	19544	12360	22972	14546
2026-10-10T12:50:25Z	19507	12360	22987	14546
2026-10-10T12:50:28Z	19492	12360	22991	14546
2026-10-10T12:50:30Z	19465	12360	22992	14546
2026-10-10T12:50:33Z	19486	12360	22966	14546
2026-10-10T12:50:35Z	19518	12360	22961	14546
2026-10-10T12:50:37Z	19533	12360	23006	14546
2026-10-10T12:50:40Z	19528	12360	23005	14546
2026-10-10T12:50:42Z	19528	12360	23003	14546
2026-10-10T12:50:44Z	19522	12360	23002	14546
2026-10-10T12:50:47Z	19502	12360	22994	14547
2026-10-10T12:50:49Z	19498	12360	22978	14547
2026-10-10T12:50:51Z	19497	12360	22998	14547
2026-10-10T12:50:54Z	19536	12360	23008	14547
2026-10-10T12:50:56Z	19538	12360	23007	14547
2026-10-10T12:50:59Z	19513	12360	23015	14547
2026-10-10T12:51:01Z	19530	12360	23003	14547
2026-10-10T12:51:04Z	19512	12360	22950	14547
2026-10-10T12:51:06Z	19505	12360	22978	14547
2026-10-10T12:51:08Z	19485	12360	22972	14547
2026-10-10T12:51:11Z	19490	12360	22947	14547
2026-10-10T12:51:13Z	19509	12360	22985	14547
2026-10-10T12:51:15Z	19471	12360	22993	14547
2026-10-10T12:51:18Z	19486	12360	22988	14547
2026-10-10T12:51:20Z	19474	12360	22981	14547
2026-10-10T12:51:23Z	19496	12360	22962	14547
2026-10-10T12:51:25Z	19487	12360	22966	14547
2026-10-10T12:51:27Z	19504	12360	22961	14547
2026-10-10T12:51:30Z	19497	12360	22949	14547
2026-10-10T12:51:32Z	19482	12360	22967	14547
2026-10-10T12:51:34Z	19483	12360	23003	14547
2026-10-10T12:51:37Z	19496	12360	23002	14547
2026-10-10T12:51:39Z	19482	12360	22995	14547
2026-10-10T12:51:42Z	19494	12360	22988	14547
2026-10-10T12:51:44Z	19516	12360	22999	14547
2026-10-10T12:51:46Z	19483	12360	22994	14547
2026-10-10T12:51:49Z	19524	12360	22959	14547
2026-10-10T12:51:51Z	19503	12360	22972	14547
2026-10-10T12:51:53Z	19507	12360	22981	14547
2026-10-10T12:51:56Z	19493	12360	23003	14547
2026-10-10T12:51:58Z	19472	12360	23015	14547
2026-10-10T12:52:01Z	19490	12360	22989	14547
2026-10-10T12:52:03Z	19489	12360	23009	14547
2026-10-10T12:52:06Z	19477	12360	23000	14547
2026-10-10T12:52:08Z	19492	12360	23017	14547
2026-10-10T12:52:10Z	19512	12360	23004	14547
2026-10-10T12:52:13Z	19523	12360	22981	14547
2026-10-10T12:52:15Z	19520	12360	22982	14547
2026-10-10T12:52:17Z	19498	12360	22987	14547
2026-10-10T12:52:20Z	19525	12360	22997	14547
2026-10-10T12:52:22Z	19477	12360	22981	14547
2026-10-10T12:52:25Z	19495	12360	22999	14547
2026-10-10T12:52:27Z	19491	12360	22986	14547
2026-10-10T12:52:29Z	19486	12360	22991	14547
2026-10-10T12:52:32Z	19465	12360	22969	14547
2026-10-10T12:52:34Z	19478	12360	22997	14547
2026-10-10T12:52:36Z	19478	12360	23013	14547
2026-10-10T12:52:39Z	19487	12360	22988	14547
2026-10-10T12:52:41Z	19456	12360	22996	14547
2026-10-10T12:52:44Z	19465	12360	22970	14547
2026-10-10T12:52:46Z	19498	12360	22985	14547
2026-10-10T12:52:48Z	19492	12360	22991	14547
2026-10-10T12:52:51Z	19481	12360	22979	14547
2026-10-10T12:52:53Z	19466	12360	22987	14547
2026-10-10T12:52:55Z	19518	12360	22984	14547
2026-10-10T12:52:58Z	19515	12360	22981	14547
2026-10-10T12:53:00Z	19496	12360	22966	14547
2026-10-10T12:53:02Z	19473	12360	22978	14547
2026-10-10T12:53:05Z	19469	12360	22975	14547
2026-10-10T12:53:07Z	19462	12360	22898	14547
2026-10-10T12:53:10Z	19494	12360	22759	14547
2026-10-10T12:53:12Z	19478	12360	22584	14547
2026-10-10T12:53:15Z	19450	12360	22558	14548
2026-10-10T12:53:17Z	19498	12360	22574	14548
2026-10-10T12:53:19Z	19474	12360	22551	14548
2026-10-10T12:53:22Z	19469	12360	22591	14548
2026-10-10T12:53:24Z	19468	12360	22605	14548
2026-10-10T12:53:26Z	19470	12360	22610	14548
2026-10-10T12:53:29Z	19484	12360	22608	14548
2026-10-10T12:53:31Z	19503	12360	22635	14548
2026-10-10T12:53:34Z	19495	12360	22646	14548
2026-10-10T12:53:36Z	19499	12360	22658	14548
2026-10-10T12:53:38Z	19483	12360	22655	14548
2026-10-10T12:53:41Z	19468	12360	22644	14548
2026-10-10T12:53:43Z	19492	12360	22653	14548
2026-10-10T12:53:45Z	19501	12360	22626	14548
2026-10-10T12:53:48Z	19464	12360	22651	14548
2026-10-10T12:53:50Z	19494	12360	22663	14548
2026-10-10T12:53:52Z	19513	12360	22648	14548
2026-10-10T12:53:55Z	19483	12360	22627	14548
2026-10-10T12:53:57Z	19118	12360	22618	14548
2026-10-10T12:54:00Z	19351	12360	22627	14548
2026-10-10T12:54:02Z	19377	12360	22629	14548
2026-10-10T12:54:04Z	19382	12360	22642	14548
2026-10-10T12:54:07Z	19385	12360	22628	14548
2026-10-10T12:54:09Z	19405	12360	22580	14548
2026-10-10T12:54:12Z	19427	12360	22569	14548
2026-10-10T12:54:14Z	19457	12360	22600	14548
2026-10-10T12:54:16Z	19469	12360	22611	14548
2026-10-10T12:54:19Z	19475	12360	22594	14548
2026-10-10T12:54:21Z	19465	12360	22591	14548
2026-10-10T12:54:24Z	19454	12360	22597	14548
2026-10-10T12:54:26Z	19474	12360	22599	14548
2026-10-10T12:54:28Z	19431	12360	22613	14548
2026-10-10T12:54:31Z	19443	12360	22583	14548
2026-10-10T12:54:33Z	19472	12360	22563	14548
2026-10-10T12:54:36Z	19493	12360	22567	14548
2026-10-10T12:54:38Z	19487	12360	22577	14548
2026-10-10T12:54:40Z	19461	12360	22580	14548
2026-10-10T12:54:43Z	19482	12360	22582	14548
2026-10-10T12:54:45Z	19454	12360	22607	14548
2026-10-10T12:54:48Z	19488	12360	22610	14548
2026-10-10T12:54:50Z	19511	12360	22581	14548
2026-10-10T12:54:52Z	19537	12360	22581	14548
2026-10-10T12:54:55Z	19532	12360	22590	14548
2026-10-10T12:54:57Z	19499	12360	22585	14548
2026-10-10T12:54:59Z	19487	12360	22577	14548
2026-10-10T12:55:02Z	19480	12360	22571	14548
2026-10-10T12:55:04Z	19471	12360	22602	14548
2026-10-10T12:55:07Z	19458	12360	22592	14548
2026-10-10T12:55:09Z	19476	12360	22575	14548
2026-10-10T12:55:12Z	19484	12360	22555	14548
2026-10-10T12:55:14Z	19474	12360	22568	14548
2026-10-10T12:55:16Z	19455	12360	22577	14548
2026-10-10T12:55:19Z	19469	12360	22557	14548
2026-10-10T12:55:21Z	19485	12360	22586	14548
2026-10-10T12:55:23Z	19473	12360	22580	14548
2026-10-10T12:55:26Z	19492	12360	22581	14548
2026-10-10T12:55:28Z	19463	12360	22590	14548
2026-10-10T12:55:31Z	19482	12360	22579	14548
2026-10-10T12:55:33Z	19481	12360	22566	14548
2026-10-10T12:55:35Z	19493	12360	22570	14548
2026-10-10T12:55:38Z	19502	12360	22563	14548
2026-10-10T12:55:40Z	19490	12360	22569	14548
2026-10-10T12:55:42Z	19439	12360	22573	14548
2026-10-10T12:55:45Z	19463	12360	22578	14548
2026-10-10T12:55:47Z	19444	12360	22584	14548
2026-10-10T12:55:50Z	19429	12360	22573	14548
2026-10-10T12:55:52Z	19428	12360	22572	14548
2026-10-10T12:55:54Z	19460	12360	22558	14548
2026-10-10T12:55:57Z	19490	12360	22592	14548
2026-10-10T12:55:59Z	19491	12360	22555	14548
2026-10-10T12:56:01Z	19486	12360	22568	14549
2026-10-10T12:56:04Z	19483	12360	22592	14549
2026-10-10T12:56:06Z	19468	12360	22590	14549
2026-10-10T12:56:09Z	19481	12360	22590	14549
2026-10-10T12:56:11Z	19478	12360	22578	14549
2026-10-10T12:56:14Z	19470	12360	22569	14549
2026-10-10T12:56:16Z	19487	12360	22589	14549
2026-10-10T12:56:18Z	19501	12360	22593	14549
2026-10-10T12:56:21Z	19486	12360	22570	14549
2026-10-10T12:56:23Z	19487	12360	22589	14549
2026-10-10T12:56:26Z	19466	12360	22587	14549
2026-10-10T12:56:28Z	19466	12360	22588	14549
2026-10-10T12:56:30Z	19431	12360	22586	14549
2026-10-10T12:56:33Z	19466	12360	22601	14549
2026-10-10T12:56:35Z	19479	12360	22602	14549
2026-10-10T12:56:37Z	19437	12360	22583	14549
2026-10-10T12:56:40Z	19431	12360	22570	14549
2026-10-10T12:56:42Z	19475	12360	22573	14549
2026-10-10T12:56:44Z	19494	12360	22577	14549
2026-10-10T12:56:47Z	19475	12360	22576	14549
2026-10-10T12:56:49Z	19470	12360	22589	14549
2026-10-10T12:56:52Z	19452	12360	22580	14549
2026-10-10T12:56:54Z	19458	12360	22565	14549
2026-10-10T12:56:56Z	19460	12360	22571	14549
2026-10-10T12:56:59Z	19470	12360	22575	14549
2026-10-10T12:57:01Z	19473	12360	22582	14549
2026-10-10T12:57:03Z	19482	12360	22574	14549
2026-10-10T12:57:06Z	19469	12360	22572	14549
2026-10-10T12:57:08Z	19463	12360	22579	14549
2026-10-10T12:57:11Z	19495	12360	22579	14549
2026-10-10T12:57:13Z	19483	12360	22575	14549
2026-10-10T12:57:16Z	19485	12360	22581	14549
2026-10-10T12:57:18Z	19478	12360	22583	14549
2026-10-10T12:57:20Z	19483	12360	22581	14549
2026-10-10T12:57:23Z	19485	12360	22568	14549
2026-10-10T12:57:25Z	19495	12360	22579	14549
2026-10-10T12:57:27Z	19489	12360	22595	14549
2026-10-10T12:57:30Z	19480	12360	22581	14549
2026-10-10T12:57:32Z	19495	12360	22584	14549
2026-10-10T12:57:35Z	19512	12360	22580	14549
2026-10-10T12:57:37Z	19496	12360	22563	14549
2026-10-10T12:57:39Z	19474	12360	22571	14549
2026-10-10T12:57:42Z	19485	12360	22583	14549
2026-10-10T12:57:44Z	19498	12360	22584	14549
2026-10-10T12:57:46Z	19478	12360	22563	14549
2026-10-10T12:57:49Z	19485	12360	22570	14549
2026-10-10T12:57:51Z	19508	12360	22579	14549
2026-10-10T12:57:54Z	19505	12360	22582	14549
2026-10-10T12:57:56Z	19494	12360	22576	14549
2026-10-10T12:57:58Z	19503	12360	22569	14549
2026-10-10T12:58:01Z	19534	12360	22568	14549
2026-10-10T12:58:03Z	19499	12360	22591	14549
2026-10-10T12:58:05Z	19506	12360	22581	14549
2026-10-10T12:58:08Z	19509	12360	22572	14549
2026-10-10T12:58:10Z	19500	12360	22588	14549
2026-10-10T12:58:13Z	19483	12360	22591	14549
2026-10-10T12:58:15Z	19512	12360	22597	14549
2026-10-10T12:58:18Z	19480	12360	22574	14549
2026-10-10T12:58:20Z	19453	12360	22580	14549
2026-10-10T12:58:22Z	19474	12360	22584	14550
2026-10-10T12:58:25Z	19487	12360	22582	14550
2026-10-10T12:58:27Z	19482	12360	22579	14550
2026-10-10T12:58:29Z	19477	12360	22572	14550
2026-10-10T12:58:32Z	19517	12360	22569	14550
2026-10-10T12:58:34Z	19516	12360	22561	14550
2026-10-10T12:58:37Z	19518	12360	22568	14550
2026-10-10T12:58:39Z	19531	12360	22555	14550
2026-10-10T12:58:41Z	19511	12360	22575	14550
2026-10-10T12:58:44Z	19524	12360	22576	14550
2026-10-10T12:58:46Z	19495	12360	22569	14550
2026-10-10T12:58:48Z	19502	12360	22585	14550
2026-10-10T12:58:51Z	19492	12360	22569	14550
2026-10-10T12:58:53Z	19507	12360	22577	14550
2026-10-10T12:58:56Z	19486	12360	22583	14550
2026-10-10T12:58:58Z	19498	12360	22581	14550
2026-10-10T12:59:00Z	19135	12360	22577	14550
2026-10-10T12:59:03Z	19280	12360	22569	14550
2026-10-10T12:59:05Z	19268	12360	22568	14550
2026-10-10T12:59:08Z	19295	12360	22571	14550
2026-10-10T12:59:10Z	19341	12360	22580	14550
2026-10-10T12:59:12Z	19365	12360	22580	14550
2026-10-10T12:59:15Z	19396	12360	22579	14550
2026-10-10T12:59:17Z	19409	12360	22564	14550
2026-10-10T12:59:20Z	19392	12360	22589	14550
2026-10-10T12:59:22Z	19422	12360	22577	14550
2026-10-10T12:59:24Z	19412	12360	22579	14550
2026-10-10T12:59:27Z	19413	12360	22579	14550
2026-10-10T12:59:29Z	19435	12360	22582	14550
2026-10-10T12:59:32Z	19479	12360	22577	14550
2026-10-10T12:59:34Z	19469	12360	22582	14550
2026-10-10T12:59:36Z	19480	12360	22576	14550
2026-10-10T12:59:39Z	19498	12360	22584	14550
2026-10-10T12:59:41Z	19449	12360	22442	14550
2026-10-10T12:59:43Z	19452	12360	23032	14550
2026-10-10T12:59:46Z	19461	12360	22989	14550
2026-10-10T12:59:48Z	19439	12360	22961	14550
2026-10-10T12:59:51Z	19440	12360	22911	14550
2026-10-10T12:59:53Z	19473	12360	22897	14550
2026-10-10T12:59:55Z	19449	12360	22942	14550
2026-10-10T12:59:58Z	19432	12360	22978	14550
2026-10-10T13:00:00Z	19443	12360	22648	14550
2026-10-10T13:00:02Z	19463	12360	23053	14550
2026-10-10T13:00:05Z	19467	12360	23006	14550
2026-10-10T13:00:07Z	19452	12360	22999	14550
2026-10-10T13:00:10Z	19475	12360	22979	14550
2026-10-10T13:00:12Z	19474	12360	22980	14550
2026-10-10T13:00:14Z	19452	12360	22964	14550
2026-10-10T13:00:17Z	19445	12360	22960	14550
2026-10-10T13:00:19Z	19480	12360	22962	14550
2026-10-10T13:00:22Z	19465	12360	22946	14550
2026-10-10T13:00:24Z	19462	12360	22956	14550
2026-10-10T13:00:26Z	19451	12360	22971	14550
2026-10-10T13:00:29Z	19436	12360	22964	14550
2026-10-10T13:00:31Z	19438	12360	22974	14550
2026-10-10T13:00:34Z	19465	12360	22952	14550
2026-10-10T13:00:36Z	19452	12360	22982	14550
2026-10-10T13:00:38Z	19470	12360	22954	14550
2026-10-10T13:00:41Z	19476	12360	22932	14550
2026-10-10T13:00:43Z	19458	12360	22985	14550
2026-10-10T13:00:45Z	19479	12360	22997	14550
2026-10-10T13:00:48Z	19428	12360	22989	14550
2026-10-10T13:00:50Z	19413	12360	22995	14550
2026-10-10T13:00:53Z	19427	12360	22991	14551
2026-10-10T13:00:55Z	19447	12360	22974	14551
2026-10-10T13:00:57Z	19437	12360	22975	14551
2026-10-10T13:01:00Z	19451	12360	22970	14551
2026-10-10T13:01:02Z	19401	12360	22947	14551
2026-10-10T13:01:05Z	19405	12360	22952	14551
2026-10-10T13:01:07Z	19414	12360	22949	14551
2026-10-10T13:01:09Z	19440	12360	22928	14551
2026-10-10T13:01:12Z	19429	12360	22915	14551
2026-10-10T13:01:14Z	19451	12360	22919	14551
2026-10-10T13:01:16Z	19446	12360	22939	14551
2026-10-10T13:01:19Z	19464	12360	22920	14551
2026-10-10T13:01:21Z	19468	12360	22958	14551
2026-10-10T13:01:24Z	19426	12360	22956	14551
2026-10-10T13:01:26Z	19439	12360	22935	14551
2026-10-10T13:01:29Z	19430	12360	22955	14551
2026-10-10T13:01:31Z	19447	12360	22936	14551
2026-10-10T13:01:33Z	19447	12360	22917	14551
2026-10-10T13:01:36Z	19445	12360	22906	14551
2026-10-10T13:01:38Z	19445	12360	22935	14551
2026-10-10T13:01:40Z	19459	12360	22913	14551
2026-10-10T13:01:43Z	19468	12360	22933	14551
2026-10-10T13:01:45Z	19456	12360	22944	14551
2026-10-10T13:01:48Z	19424	12360	22950	14551
2026-10-10T13:01:50Z	19461	12360	22937	14551
2026-10-10T13:01:52Z	19448	12360	22936	14551
2026-10-10T13:01:55Z	19460	12360	22933	14551
2026-10-10T13:01:57Z	19459	12360	22982	14551
2026-10-10T13:02:00Z	19478	12360	22962	14551
2026-10-10T13:02:02Z	19472	12360	22964	14551
2026-10-10T13:02:04Z	19450	12360	22954	14551
2026-10-10T13:02:07Z	19430	12360	22924	14551
2026-10-10T13:02:09Z	19428	12360	22927	14551
2026-10-10T13:02:11Z	19429	12360	22949	14551
2026-10-10T13:02:14Z	19420	12360	22952	14551
2026-10-10T13:02:16Z	19435	12360	22933	14551
2026-10-10T13:02:19Z	19452	12360	22955	14551
2026-10-10T13:02:21Z	19467	12360	22884	14551
2026-10-10T13:02:23Z	19476	12360	22930	14551
2026-10-10T13:02:26Z	19463	12360	22919	14551
2026-10-10T13:02:28Z	19457	12360	22876	14551
2026-10-10T13:02:31Z	19435	12360	22854	14551
2026-10-10T13:02:33Z	19432	12360	22863	14551
2026-10-10T13:02:35Z	19429	12360	22921	14551
2026-10-10T13:02:38Z	19445	12360	22932	14551
2026-10-10T13:02:40Z	19437	12360	22911	14551
2026-10-10T13:02:43Z	19429	12360	22947	14551
2026-10-10T13:02:45Z	19467	12360	22982	14551
2026-10-10T13:02:47Z	19450	12360	22976	14551
2026-10-10T13:02:50Z	19460	12360	22941	14551
2026-10-10T13:02:52Z	19450	12360	22943	14551
2026-10-10T13:02:54Z	19421	12360	22949	14551
2026-10-10T13:02:57Z	19423	12360	22942	14551
2026-10-10T13:02:59Z	19444	12360	22963	14551
2026-10-10T13:03:02Z	19446	12360	22956	14552
2026-10-10T13:03:04Z	19447	12360	22971	14552
2026-10-10T13:03:06Z	19454	12360	22987	14552
2026-10-10T13:03:09Z	19062	12360	22982	14552
2026-10-10T13:03:11Z	19138	12360	22936	14552
2026-10-10T13:03:13Z	19109	12360	22942	14552
2026-10-10T13:03:16Z	19161	12360	22963	14552
2026-10-10T13:03:18Z	19163	12360	22951	14552
2026-10-10T13:03:21Z	19190	12360	22942	14552
2026-10-10T13:03:23Z	19295	12360	22975	14552
2026-10-10T13:03:25Z	19342	12360	23002	14552
2026-10-10T13:03:28Z	19324	12360	22949	14552
2026-10-10T13:03:30Z	19338	12360	22924	14552
2026-10-10T13:03:33Z	19369	12360	22937	14552
2026-10-10T13:03:35Z	19382	12360	22931	14552
2026-10-10T13:03:37Z	19361	12360	22959	14552
2026-10-10T13:03:40Z	19375	12360	22905	14552
2026-10-10T13:03:42Z	19381	12360	22925	14552
2026-10-10T13:03:44Z	19410	12360	22919	14552
2026-10-10T13:03:47Z	19443	12360	22916	14552
2026-10-10T13:03:49Z	19449	12360	22905	14552
2026-10-10T13:03:52Z	19429	12360	22899	14552
2026-10-10T13:03:54Z	19430	12360	22893	14552
2026-10-10T13:03:56Z	19415	12360	22903	14552
2026-10-10T13:03:59Z	19441	12360	22872	14552
2026-10-10T13:04:01Z	19410	12360	22904	14552
2026-10-10T13:04:03Z	19436	12360	22915	14552
2026-10-10T13:04:06Z	19449	12360	22943	14552
2026-10-10T13:04:08Z	19439	12360	22709	14552
2026-10-10T13:04:11Z	19464	12360	22936	14552
2026-10-10T13:04:13Z	19426	12360	22997	14552
2026-10-10T13:04:15Z	19448	12360	22919	14552
2026-10-10T13:04:18Z	19437	12360	22898	14552
2026-10-10T13:04:20Z	19441	12360	22837	14552
2026-10-10T13:04:23Z	19453	12360	22863	14552
2026-10-10T13:04:25Z	19436	12360	22891	14552
2026-10-10T13:04:27Z	19469	12360	22828	14552
2026-10-10T13:04:30Z	19437	12360	22814	14552
2026-10-10T13:04:32Z	19442	12360	22840	14552
2026-10-10T13:04:35Z	19469	12360	22881	14552
2026-10-10T13:04:37Z	19429	12360	22885	14552
2026-10-10T13:04:40Z	19416	12360	22904	14552
2026-10-10T13:04:42Z	19418	12360	22889	14552
2026-10-10T13:04:45Z	19445	12360	22917	14552
2026-10-10T13:04:47Z	19441	12360	22874	14552
2026-10-10T13:04:50Z	19442	12360	22866	14552
2026-10-10T13:04:52Z	19448	12360	22879	14552
2026-10-10T13:04:54Z	19423	12360	22897	14552
2026-10-10T13:04:57Z	19429	12360	22889	14552
2026-10-10T13:04:59Z	19433	12360	22848	14552
2026-10-10T13:05:02Z	19445	12360	22849	14552
2026-10-10T13:05:04Z	19452	12360	22864	14552
2026-10-10T13:05:07Z	19452	12360	22864	14552
2026-10-10T13:05:09Z	19450	12360	22860	14552
2026-10-10T13:05:12Z	19423	12360	22900	14552
2026-10-10T13:05:14Z	19455	12360	22915	14552
2026-10-10T13:05:16Z	19450	12360	22918	14552
2026-10-10T13:05:19Z	19421	12360	22918	14552
2026-10-10T13:05:21Z	19417	12360	22966	14552
2026-10-10T13:05:23Z	19423	12360	22965	14552
2026-10-10T13:05:26Z	19442	12360	22970	14552
2026-10-10T13:05:28Z	19403	12360	22947	14552
2026-10-10T13:05:31Z	19419	12360	22939	14553
2026-10-10T13:05:33Z	19388	12360	22909	14553
2026-10-10T13:05:36Z	19434	12360	22918	14553
2026-10-10T13:05:38Z	19447	12360	22927	14553
2026-10-10T13:05:40Z	19418	12360	22873	14553
2026-10-10T13:05:43Z	19440	12360	22882	14553
2026-10-10T13:05:45Z	19420	12360	22918	14553
2026-10-10T13:05:47Z	19388	12360	22928	14553
2026-10-10T13:05:50Z	19413	12360	22898	14553
2026-10-10T13:05:52Z	19447	12360	22908	14553
2026-10-10T13:05:55Z	19450	12360	22915	14553
2026-10-10T13:05:57Z	19443	12360	22925	14553
2026-10-10T13:05:59Z	19458	12360	22945	14553
2026-10-10T13:06:02Z	19468	12360	22958	14553
2026-10-10T13:06:04Z	19456	12360	22977	14553
2026-10-10T13:06:06Z	19454	12360	22974	14553
2026-10-10T13:06:09Z	19446	12360	22945	14553
2026-10-10T13:06:11Z	19431	12360	22946	14553
2026-10-10T13:06:14Z	19417	12360	22954	14553
2026-10-10T13:06:16Z	19420	12360	22970	14553
2026-10-10T13:06:18Z	19436	12360	22941	14553
2026-10-10T13:06:21Z	19439	12360	22905	14553
2026-10-10T13:06:23Z	19422	12360	22958	14553
2026-10-10T13:06:25Z	19439	12360	22970	14553
2026-10-10T13:06:28Z	19445	12360	22952	14553
2026-10-10T13:06:30Z	19394	12360	22954	14553
2026-10-10T13:06:33Z	19426	12360	22955	14553
2026-10-10T13:06:35Z	19427	12360	22928	14553
2026-10-10T13:06:37Z	19384	12360	22934	14553
2026-10-10T13:06:40Z	19415	12360	22906	14553
2026-10-10T13:06:42Z	19396	12360	22893	14553
2026-10-10T13:06:45Z	19437	12360	22901	14553
2026-10-10T13:06:47Z	19450	12360	22901	14553
2026-10-10T13:06:49Z	19398	12360	22867	14553
2026-10-10T13:06:52Z	19386	12360	22888	14553
2026-10-10T13:06:54Z	19396	12360	22885	14553
2026-10-10T13:06:56Z	19382	12360	22881	14553
2026-10-10T13:06:59Z	19410	12360	22857	14553
2026-10-10T13:07:01Z	19306	12360	22866	14553
2026-10-10T13:07:04Z	19022	12360	22879	14553
2026-10-10T13:07:06Z	19283	12360	22863	14553
2026-10-10T13:07:08Z	19215	12360	22876	14553
2026-10-10T13:07:11Z	19468	12360	22867	14553
2026-10-10T13:07:13Z	19420	12360	22885	14553
2026-10-10T13:07:15Z	19390	12360	22909	14553
2026-10-10T13:07:18Z	19402	12360	22887	14553
2026-10-10T13:07:20Z	19365	12360	22884	14553
2026-10-10T13:07:23Z	19438	12360	22861	14553
2026-10-10T13:07:25Z	19403	12360	22882	14553
2026-10-10T13:07:27Z	19407	12360	22892	14553
2026-10-10T13:07:30Z	19403	12360	22917	14553
2026-10-10T13:07:32Z	19404	12360	22917	14553
2026-10-10T13:07:35Z	19376	12360	22901	14553
2026-10-10T13:07:37Z	19378	12360	22881	14553
2026-10-10T13:07:39Z	19401	12360	22927	14553
2026-10-10T13:07:42Z	19413	12360	22939	14553
2026-10-10T13:07:44Z	19369	12360	22945	14553
2026-10-10T13:07:47Z	19406	12360	22935	14553
2026-10-10T13:07:49Z	19403	12360	22931	14553
2026-10-10T13:07:51Z	19413	12360	22938	14553
2026-10-10T13:07:54Z	19397	12360	22932	14553
2026-10-10T13:07:56Z	19387	12360	22910	14553
2026-10-10T13:07:58Z	19387	12360	22902	14553
2026-10-10T13:08:01Z	19355	12360	22896	14553
2026-10-10T13:08:03Z	19394	12360	22923	14553
2026-10-10T13:08:06Z	19405	12360	22934	14553
2026-10-10T13:08:08Z	19430	12360	22936	14554
2026-10-10T13:08:10Z	19439	12360	22905	14554
2026-10-10T13:08:13Z	19446	12360	22893	14554
2026-10-10T13:08:15Z	19430	12360	22892	14554
2026-10-10T13:08:17Z	19429	12360	22878	14554
2026-10-10T13:08:20Z	19455	12360	22905	14554
2026-10-10T13:08:22Z	19446	12360	22906	14554
2026-10-10T13:08:25Z	19447	12360	22937	14554
2026-10-10T13:08:27Z	19461	12360	22928	14554
2026-10-10T13:08:29Z	19439	12360	22894	14554
2026-10-10T13:08:32Z	19432	12360	22877	14554
2026-10-10T13:08:34Z	19431	12360	22884	14554
2026-10-10T13:08:37Z	19440	12360	22901	14554
2026-10-10T13:08:39Z	19423	12360	22895	14554
2026-10-10T13:08:41Z	19446	12360	22906	14554
2026-10-10T13:08:44Z	19437	12360	22912	14554
2026-10-10T13:08:46Z	19450	12360	22906	14554
2026-10-10T13:08:49Z	19452	12360	22916	14554
2026-10-10T13:08:51Z	19439	12360	22910	14554
2026-10-10T13:08:53Z	19436	12360	22911	14554
2026-10-10T13:08:56Z	19454	12360	22902	14554
2026-10-10T13:08:58Z	19430	12360	22910	14554
2026-10-10T13:09:00Z	19385	12360	22904	14554
2026-10-10T13:09:03Z	19405	12360	22914	14554
2026-10-10T13:09:05Z	19404	12360	22903	14554
2026-10-10T13:09:08Z	19411	12360	22917	14554
2026-10-10T13:09:10Z	19444	12360	22896	14554
2026-10-10T13:09:12Z	19477	12360	22921	14554
2026-10-10T13:09:15Z	19470	12360	22898	14554
2026-10-10T13:09:17Z	19460	12360	22853	14554
2026-10-10T13:09:19Z	19454	12360	22892	14554
2026-10-10T13:09:22Z	19444	12360	22874	14554
2026-10-10T13:09:24Z	19421	12360	22889	14554
2026-10-10T13:09:27Z	19440	12360	22906	14554
2026-10-10T13:09:29Z	19460	12360	22893	14554
2026-10-10T13:09:31Z	19453	12360	22904	14554
2026-10-10T13:09:34Z	19494	12360	22913	14554
2026-10-10T13:09:36Z	19450	12360	22892	14554
2026-10-10T13:09:39Z	19448	12360	22875	14554
2026-10-10T13:09:41Z	19443	12360	22884	14554
2026-10-10T13:09:43Z	19416	12360	22900	14554
2026-10-10T13:09:46Z	19401	12360	22908	14554
2026-10-10T13:09:48Z	19401	12360	22910	14554
2026-10-10T13:09:50Z	19409	12360	22892	14554
2026-10-10T13:09:53Z	19401	12360	22909	14554
2026-10-10T13:09:55Z	19438	12360	22904	14554
2026-10-10T13:09:58Z	19455	12360	22905	14554
2026-10-10T13:10:00Z	19456	12360	22917	14554
2026-10-10T13:10:02Z	19449	12360	22897	14554
2026-10-10T13:10:05Z	19466	12360	22882	14554
2026-10-10T13:10:07Z	19432	12360	22912	14554
2026-10-10T13:10:09Z	19429	12360	22916	14554
2026-10-10T13:10:12Z	19421	12360	22919	14554
2026-10-10T13:10:14Z	19425	12360	22905	14554
2026-10-10T13:10:17Z	19416	12360	22893	14554
2026-10-10T13:10:19Z	19123	12360	22891	14554
2026-10-10T13:10:21Z	19097	12360	22878	14554
2026-10-10T13:10:24Z	19088	12360	22874	14554
2026-10-10T13:10:26Z	19152	12360	22907	14554
2026-10-10T13:10:28Z	19187	12360	22917	14554
2026-10-10T13:10:31Z	19187	12360	22863	14554
2026-10-10T13:10:33Z	19211	12360	22843	14554
2026-10-10T13:10:35Z	19191	12360	22846	14554
2026-10-10T13:10:38Z	19190	12360	22883	14555
2026-10-10T13:10:40Z	19169	12360	22864	14555
2026-10-10T13:10:43Z	19216	12360	22879	14555
2026-10-10T13:10:45Z	19197	12360	22885	14555
2026-10-10T13:10:47Z	19191	12360	22829	14555
2026-10-10T13:10:50Z	19178	12360	22872	14555
2026-10-10T13:10:52Z	19164	12360	22843	14555
2026-10-10T13:10:54Z	19105	12360	22837	14555
2026-10-10T13:10:57Z	19113	12360	22850	14555
2026-10-10T13:10:59Z	19102	12360	22917	14555
2026-10-10T13:11:02Z	19085	12360	22892	14555
2026-10-10T13:11:04Z	19112	12360	22324	14555
2026-10-10T13:11:06Z	19068	12360	22278	14555
2026-10-10T13:11:09Z	19070	12360	22290	14555
2026-10-10T13:11:11Z	19121	12360	22284	14555
2026-10-10T13:11:13Z	19100	12360	22925	14555
2026-10-10T13:11:16Z	19137	12360	22879	14555
2026-10-10T13:11:18Z	19177	12360	22342	14555
2026-10-10T13:11:21Z	19194	12360	22306	14555
2026-10-10T13:11:23Z	19280	12360	22960	14555
2026-10-10T13:11:25Z	19370	12360	22923	14555
2026-10-10T13:11:28Z	19380	12360	22613	14555
2026-10-10T13:11:30Z	19385	12360	22524	14555
2026-10-10T13:11:32Z	19390	12360	22962	14555
2026-10-10T13:11:35Z	19378	12360	22938	14555
2026-10-10T13:11:37Z	19382	12360	22924	14555
2026-10-10T13:11:40Z	19386	12360	22893	14555
2026-10-10T13:11:42Z	20329	12360	22639	14555
2026-10-10T13:11:45Z	20207	12360	22966	14555
2026-10-10T13:11:47Z	19823	12360	22936	14555
2026-10-10T13:11:49Z	19294	12360	22862	14555
2026-10-10T13:11:52Z	19270	12360	22848	14555
2026-10-10T13:11:54Z	19250	12360	22700	14555
2026-10-10T13:11:56Z	19200	12360	22545	14555
2026-10-10T13:11:59Z	19222	12360	22542	14555
2026-10-10T13:12:01Z	19353	12360	22853	14555
2026-10-10T13:12:04Z	19386	12360	22638	14555
2026-10-10T13:12:06Z	19395	12360	22924	14555
2026-10-10T13:12:08Z	19391	12360	22904	14555
2026-10-10T13:12:11Z	19389	12360	22826	14555
2026-10-10T13:12:13Z	19394	12360	22596	14555
2026-10-10T13:12:15Z	20346	12360	22958	14555
2026-10-10T13:12:18Z	20314	12360	22933	14555
2026-10-10T13:12:20Z	20014	12360	22991	14555
2026-10-10T13:12:23Z	19347	12360	22934	14555
2026-10-10T13:12:25Z	19306	12360	22771	14555
2026-10-10T13:12:27Z	19251	12360	22948	14555
2026-10-10T13:12:30Z	19229	12360	22905	14555
2026-10-10T13:12:32Z	19236	12360	22753	14555
2026-10-10T13:12:34Z	19279	12360	22985	14555
2026-10-10T13:12:37Z	19318	12360	22931	14555
2026-10-10T13:12:39Z	19333	12360	22872	14555
2026-10-10T13:12:41Z	19374	12360	22655	14555
2026-10-10T13:12:44Z	19386	12360	22524	14555
2026-10-10T13:12:46Z	19382	12360	22527	14555
2026-10-10T13:12:49Z	19395	12360	22494	14555
2026-10-10T13:12:51Z	19385	12360	22952	14555
2026-10-10T13:12:54Z	19369	12360	22921	14555
2026-10-10T13:12:56Z	19388	12360	22905	14556
2026-10-10T13:12:58Z	19375	12360	22886	14556
2026-10-10T13:13:01Z	19361	12360	22942	14556
2026-10-10T13:13:03Z	19374	12360	22570	14556
2026-10-10T13:13:05Z	19365	12360	22943	14556
2026-10-10T13:13:08Z	19364	12360	22912	14556
2026-10-10T13:13:10Z	20326	12360	22597	14556
2026-10-10T13:13:12Z	19572	12360	22942	14556
2026-10-10T13:13:15Z	19302	12360	22905	14556
2026-10-10T13:13:17Z	19292	12360	22905	14556
2026-10-10T13:13:19Z	19227	12360	22806	14556
2026-10-10T13:13:22Z	19227	12360	22927	14556
2026-10-10T13:13:24Z	19161	12360	22916	14556
2026-10-10T13:13:26Z	19182	12360	22911	14556
2026-10-10T13:13:29Z	19231	12360	22601	14556
2026-10-10T13:13:31Z	19318	12360	22909	14556
2026-10-10T13:13:34Z	19346	12360	22908	14556
2026-10-10T13:13:36Z	19348	12360	22536	14556
2026-10-10T13:13:38Z	19346	12360	22946	14556
2026-10-10T13:13:41Z	19355	12360	22896	14556
2026-10-10T13:13:43Z	20024	12360	22877	14556
2026-10-10T13:13:46Z	19256	12360	22943	14556
2026-10-10T13:13:48Z	19210	12360	22899	14556
2026-10-10T13:13:50Z	19229	12360	22868	14556
2026-10-10T13:13:53Z	19242	12360	22482	14556
2026-10-10T13:13:55Z	19236	12360	22956	14556
2026-10-10T13:13:58Z	19259	12360	22912	14556
2026-10-10T13:14:00Z	19261	12360	22596	14556
2026-10-10T13:14:02Z	19265	12360	22968	14556
2026-10-10T13:14:05Z	19268	12360	22911	14556
2026-10-10T13:14:07Z	19277	12360	22891	14556
2026-10-10T13:14:10Z	19298	12360	22684	14556
2026-10-10T13:14:12Z	19310	12360	22983	14556
2026-10-10T13:14:14Z	19320	12360	22942	14556
2026-10-10T13:14:17Z	19313	12360	22890	14556
2026-10-10T13:14:19Z	19317	12360	22894	14556
2026-10-10T13:14:21Z	19317	12360	22879	14556
2026-10-10T13:14:24Z	19310	12360	22921	14556
2026-10-10T13:14:26Z	23223	12360	26790	14556
2026-10-10T13:14:28Z	116397	12360	119752	14556
2026-10-10T13:14:31Z	116376	12360	119769	14556
2026-10-10T13:14:33Z	116361	12360	119758	14556
2026-10-10T13:14:35Z	116404	12360	119785	14556
