id	hypothesis	change	verdict	evidence	note
ENGINE	TensorFold's own deepseek_v41 family serves the pinned pack on two Sparks	TF_REPO=https://github.com/sfxnz/TensorFold.git TF_SHA=ec28f35 (v0.6.4 + PRs 390, 391 + the device keyed draw for top_k-off rows, be2cc80's patch), pip install from git, no patches	keep (default)	evidence/s2-run-sh-ec28f35	decode, exactness, quality and NLL equal or within noise of the 0d91389 receipts (s0); bump TF_REPO + TF_SHA to an upstream release tag once the family is released; a bump needs new evidence
PACK	the family reads this export as it ships: EXL3 routed experts, DeepSeek FP8 elsewhere, Engram in shards 47-48	MODEL=sfxnz/DeepSeek-V4.1-Flash-EXL3@982b7045, read from the HF cache on both nodes, no repacking	keep (default)	evidence/s0-engine-receipts	the family refuses other exports at startup
IMAGE	the base image plus TensorFold reproduces the receipts' environment	pip install under constraints at the versions expected in the base; the build fails if any installed package changes	keep (default)	evidence/s2-run-sh-ec28f35/image-only.txt	the s2 build passed the unchanged-freeze check: pip installed only tensorfold
CONTEXT	the native window serves through run.sh with healthy memory	CONTEXT=1048576	keep (default)	evidence/s2-run-sh-ec28f35/ctx1m	the bench and needles at 130k, 258k, 524k and 1,039,528 tokens passed; MemAvailable at least 22.1 / 26.7 GiB; a 1M prompt takes 35 min to prefill
TF32	fp32 matmuls stay fp32 whatever TF32 default the NGC image sets	TORCH_ALLOW_TF32_CUBLAS_OVERRIDE=0 in the container env	keep (default)	evidence/s0-engine-receipts	as the receipts ran
DRAFTS	pin the engine default so a bump cannot change it silently	--mtp-drafts 3 explicit, --mtp-confidence not passed	keep (default)	evidence/s0-engine-receipts	the receipts ran the default, 3
THINK0	thinking off by default matches the vLLM sibling and the ruler	--no-thinking on both ranks	keep (default)	evidence/s0-engine-receipts	as the receipts ran
MEMGATE	admission reads MemAvailable, so the gate does too, with no page-cache eviction	MEM_GATE_GIB=100 on MemAvailable, refused below 92	default (not measured)	-	the receipts booted at 115 / 116 GiB available
LICENSE	the recipe ships only its own files and files from MIT-licensed lab recipes (NOTICE quotes each source's notice)	LICENSE = MIT (Copyright (c) 2026 sfxnz); TensorFold is fetched by the build, not shipped	default	-	no LICENSES/ directory: nothing third-party is redistributed
PINS	the snapshot pins are the Hub's at the revision, and the receipts' folder holds that revision	CONFIG_SHA256, INDEX_SHA256, SHARDS=48, SHARD_BYTES=357466041064 from the Hub	keep (default)	evidence/s1-snapshot-pins	the receipts served a branch-named folder; run.sh reads snapshots/<sha> from hf download
TOPP1	DeepSeek's model card recommends temperature 1.0 and top_p '0.95 or 1.0' (~/.cache/huggingface/hub/models--deepseek-ai--DeepSeek-V4.1-Flash/snapshots/dba1be0a…/README.md:168-173, "Recommended sampling parameters"; copied to evidence/s3-default-1m/model-card-sampling.txt); at ec28f35 a top_k-off row without a top_p cut draws on the device, a cut takes the host path, so 1.0 is the fast choice inside the recommendation	TOP_P=1.0 -> --top-p 1.0 on both ranks from serve_args (engine default 0.95); temperature not passed (engine default 1.0, cuda/server.py:92); top-k off (family default); --top-p in EXTRA_ARGS refused	keep (default)	evidence/s3-default-1m	no sampling field: 36.76 / 37.10 tok/s (boots C / D, median 36.9) vs explicit top_p 1.0 37.2, top_k 20 37.4, top_p 0.95 15.5 (s2 server default 0.95: 15.3 / 15.4); default request = s2's explicit top_p 1.0 reply hash on 3 of 3 prompts, drafted == draft:false 3 of 3; the card's own evals use top_p 0.95; clients that send top_p < 1 keep the host path (15-24 tok/s) until a device nucleus lands
