path	bytes	lfs_sha256	git_blob_id
.gitattributes	1766		174cfebb3fe2e81a97b8ef7a56e86e3366a82311
LICENSE	1084		d62e3bef9f054f21b7fc616365850fbf879a99ff
README.md	3160		840e35d93ff6121f28f545fb7b545db42ab82b86
config.json	3582		47792864c82243947ca6e10a88fdec2866b55d95
model-00001-of-00048.safetensors	970533624	886aebdafa08cc27bbae2165ed35bdfe0de9370bf88c1411283c155c6ae4ff89	ed64b2e00da7669b19a7f0b8244bf87d3ab9980a
model-00002-of-00048.safetensors	1323858272	4320066fc6958e5bc01d8c3feba79b7454b59f0f4b7299ab7145ed44bbf4ecec	d04d1d34d11caccd930bfa5f7d780c86bfbe42ed
model-00003-of-00048.safetensors	3585021280	c4eea513fcc85aeed4e4811b90d0bc5fe01cbd1c2439defe2ead26dacaefa28c	06f426d9db2661c5ae0951872942163d96f87bc9
model-00004-of-00048.safetensors	3585021280	1725b5ce0f5ff45c188b3379faa91f550c84f9ee91f84e280aed12439d3158f6	48b7629241632e0f30547b43db471941c60bda11
model-00005-of-00048.safetensors	3601216536	0e1eb0bfa6fa3bf6007d58ad29b4aade5426dbd11b5394196d55adedccaf809c	a13cc535aa82fca5d4ef4722851d1df5487e4754
model-00006-of-00048.safetensors	3585021280	9014242bd4b74ab73d307020d6a4a6f867c07e08d44f043ff588628ac4424088	117f039b3cbe42a8aa22136ee41852c4433aaa30
model-00007-of-00048.safetensors	3585021280	3d4bd7b2998d99bdf2976e3f74764cd5964ab636aaa940e24fa0dea3f2bae8bb	7a71bf1c9e1a3608adf797225dc6bbc93d4ee1d2
model-00008-of-00048.safetensors	3585021280	b6ff4ecbff47ccf1c5426ee07922a6e418211f764ce7a68cde0f57253a258fac	6199c490e7e336b7b47b12c073ec412dd3b07dc0
model-00009-of-00048.safetensors	3585021280	b7407992ff07d374d8606bdd66b4977e4d7508511c6b4eb4319f3ccea1a908b8	027e3c38b93d29e6e29e5f2c173f56118ba96a77
model-00010-of-00048.safetensors	3585021280	07cc5a912f66af8726dd37455d541b4a34ddf0628db1f7d08a3b50d21012a496	5c8187809caaaf6928098bb7114cbace07a0f7be
model-00011-of-00048.safetensors	3601216536	177d224f9e2f7c967fc4f0ea36eeffbf763c7767cffd95ec45a21b841f478b4e	3a1c48d85c11b85e6fc1cdcd50684cbb62a8fae1
model-00012-of-00048.safetensors	3585021280	c2aa50bbd9b77cf4d6e5867cfeb2cac394ac91914fa88b0f5070402c065ad5ba	d6d950a77d080e44f406c3206f795d7e712f2855
model-00013-of-00048.safetensors	3585025920	9d82f943a32e1b33c4a4f3dec3069365708d2cabc9e54e06a98b318af3264ee2	11dc1bf944903cd094f32f787f126c69774e1759
model-00014-of-00048.safetensors	3585025920	0f6718621c88b9da534d1615fee9e2db160cc4ba46a1977671250c1f25a79ef3	65ade27626b3bc785a06ab972682c8574acdd68d
model-00015-of-00048.safetensors	3585025920	971779799944b95b16b83a00b4f5de58c3839b1e9ffb5a5f2ea7b3a4056cdc71	b4280d3b846edc658cad1f3fb818c0a968df79c0
model-00016-of-00048.safetensors	3585025920	d8734d982a96d3a393509859fd6b7689528ea680f487dbef9fa9affda9012db9	7e020ebd57e6efc8ad9384c63f858618eb6c78ef
model-00017-of-00048.safetensors	3601221184	0ea2299a7c19a40fd3f1f58b95f5d32a3c4f1cfecb6a1505fb270837d29c3f27	27ff31a5a69fa343762de8ece3484c3587979e44
model-00018-of-00048.safetensors	3585025920	35fde479590a943cc535d1af9d636375201695305e77dd8f0240e1ba2bf0e0c3	e56c44c3a9eb4a4c11b4dc37b64b1b95989f2022
model-00019-of-00048.safetensors	3585025920	aa61454728818ecc7cca42c7503bd49523e39cf15e2c85294241c938e00a0b20	2224c1303f1c6cbcac277a055ed0145b2c0a1803
model-00020-of-00048.safetensors	3585025920	ab4845040e30eed5712744f10b2bf4e9634f29b030b82efb42e356196ff89408	22ae170892571970d68067876acb9ef78a1c3508
model-00021-of-00048.safetensors	3585025920	996316c0ab7a9b8dd171436545197fdb4257640f907c1f16e238f6f3218589f0	4ea2119858f1002e5e121465f2af8a56792b599f
model-00022-of-00048.safetensors	3585025920	2e132533c871f706b9e50b6b00822d206d358cf929a967c4813cd4dac4bef110	b5cc51819590d935b8c1968d11d59238e3e418cb
model-00023-of-00048.safetensors	3595978168	fba1cef07ffba03fc6a6ba9009c487c82742a5b5549c368d28b2332b955c43e9	c823d4437e52328f0afa1a166cc6de2172b55b30
model-00024-of-00048.safetensors	3585025920	2fabf644b356969b8c7e4a871e9f140709de6a266ab96a59ca5011b241c7dba9	b42f60149e7de5c2bb94a73f4727fde8f674e506
model-00025-of-00048.safetensors	3585025920	49e568cdedc5fa41257338f9a2984939e8b7aceeb2b245e011d5c56ece8fdf1f	81e1fe9d0563dbbea4fe0faa18c8f71bbf2b3128
model-00026-of-00048.safetensors	3585025920	acf58aaa5a3f3c0622cc6291271f7b697a35898b68e8ea88e0f52f7dad77ea6d	5d7896f253c2b80e3ef14441a143d404f0d2b293
model-00027-of-00048.safetensors	3590602032	bd045fbc1976db66eeebb7617eb4bdf46e1f663f543357e9273d102474f7b5b2	1d6eb18c1a1d1fbbedff583c31d812fbf3b1e626
model-00028-of-00048.safetensors	3585025920	b43dafc0f0b1162820c9f554c367bcff380e8a7d1677c148b9169b479b0f332d	1e08f43e1f2fea3aaa46a57675f1a922c3ab22e7
model-00029-of-00048.safetensors	3585025920	50e184bd0bacb5b3a9ad45088216b3356a4c6220db993710f000c79e2f3615c6	68fa18b8eabac8795206a9866568b1652ca40f11
model-00030-of-00048.safetensors	3585025920	477004d93fe65f2e1ac247b20fab79e3970f7fcf26204e4d28cbfcfa0202a1e4	9bab264730184c74ae523bba0d8731862662cb20
model-00031-of-00048.safetensors	3590602032	a9f9884f6b88ce7dcb4839ae893de63746e5054d1e5dce96bc32909338dab678	8140e4bc968e5b5cc6851c7e7da1add07e82fbf9
model-00032-of-00048.safetensors	3585025920	bc80f641a24965f0caa13a0d3570185c95e077167f63a0d31abf4ccce2dd9026	7ab82b148d88280df666ceb5b94cbc3ca021ff62
model-00033-of-00048.safetensors	3585025920	38d3aa158e8ae058fc0c78ed77d40a6cb2d60470982c35cd53cd4a2b0e7331cf	887cae2c45ed32376848e09826aa99204c10683e
model-00034-of-00048.safetensors	3585025920	45852f31481c99d976b803fff2a85d857349704323a80a5d4bc1a90b7257e4d6	446c93fe65076b63ad100a5b786a3ebee2ba427e
model-00035-of-00048.safetensors	3590602032	71d0de9b1b9f1cd38821a7ca6a366bb4a104def612bd4b1ffbeda8a45e8e67b2	45ce40efd0c69a951ec6704dbcc56399b5bde9be
model-00036-of-00048.safetensors	3585025920	5bb3fcc593466e479021bdd2ed267f36fd07130c9774a5aaf1f16239892df5d1	83f9c2391aefac93b925446127d0450a211a84ec
model-00037-of-00048.safetensors	3585025920	6f269e205a9725f668487472d20c4b33435ed09c051b547ace271070822cd11d	8704f4558a15fc27d89b9dc85742e6e2c81641ac
model-00038-of-00048.safetensors	3585025920	c62543d688ab0432b92710f7700be84095d3f2d5c15c1c8b03a3c40c2eab04b9	40a0d0812195d2f2c99dd97ea428516331a0253f
model-00039-of-00048.safetensors	3590602032	9b338aec419c16133a476fac5a462a270ab03c626e1bb47cb362f0aeac159d76	5c2f08c55daefee34486dff85a6403d9f535bc55
model-00040-of-00048.safetensors	3585025920	3eb10bef321a0fed18569adb2785e9c4d1582b502c41b5899e9a08d9290549c2	b30797124551dc15ed74e73fdba706526c478bd1
model-00041-of-00048.safetensors	3585025920	9ccc759a544797a966e6fa5c82d052243e9a76fc15ec28902b20262a3241577a	62a3a27df52f5291bad00faf746f63e5cfef028f
model-00042-of-00048.safetensors	3585025920	3c5f01767d7809778d51f7549071c7628b5923e62b0c61f0b1850e42b5c70884	6ff7cca4957f589fd6503d1c440ea1df7abad09e
model-00043-of-00048.safetensors	682608912	8370cee3a4ad644468a4c605a4b514b1a85a4acbf7bd11180484fe7688db4b3e	32669f31f81b49b797cc9dcdd6ccdc1e08fbc630
model-00044-of-00048.safetensors	2652728736	9a6b39fb88a2510487a8efaef77aa7864e8061f6b62c95a0f010e9dd538f3b05	eedbbd9f94af95a4c1d099f769f68b9ce1c268ab
model-00045-of-00048.safetensors	2573998176	0cc9d5f6ca3a2158ccc63ce2c70c76aeda8177d54913340481af566680329eb5	a622ff448f20314dc3512a7794eed8016a2509f6
model-00046-of-00048.safetensors	2706402896	e625902027b9d23d416f8818c665fab4704e0b96dc1bc778321601b700475a9d	9c7282e33ca0717e0f0ee8c44666ac8877abc138
model-00047-of-00048.safetensors	101535150936	824db4881320407ac340736d14dcee5ecd748c27d0f5836b8127ecc2e3781b0f	3eb96ce647ea90e0874a2da414f30fda9bac0034
model-00048-of-00048.safetensors	101537926640	976330f4954338e1ad8b508c32aa912032c7ad908959fd53c8307650fe4520ed	29a0c0b4e03cb4e663e823f28608c79ef7cb0f81
model.safetensors.index.json	14378990	91731e4af38696bd4c09e960f4b599d1d49f35d445e4f88a43cc355d9e139f03	a2a2c1848ef8533494ffebe51ed981b4153544ba
requant-viterbi-manifest.json	83575		f04b9fdaa1887de4d34e635042bebb00eeb50459
tokenizer.json	6367257		6a15814dd25c934028034531da744c689f87ff21
tokenizer_config.json	801		f3dad388a2bbfd6a8605bd02754acd86d9ca5112
